<?xml version="1.0" encoding="UTF-8" standalone="yes"?>

<addon id="plugin.video.pinoykabayantv" name="Kabayan TV" version="0.0.1" provider-name="Team Kepweng/RACC/BossF">

	<requires>

    		<import addon="xbmc.python" version="2.1.0"/>

       		<import addon="script.module.livestreamer" />

        		<import addon="script.module.requests" />

         		<import addon="script.module.routing" />

           </requires>
 
 <extension point="xbmc.python.pluginsource" library="addon.py">

    <provides>video</provides>
 
 </extension>
 
 <extension point="xbmc.addon.metadata">

    <summary lang="en_gb">LIVE TV from RACC</summary>
 
   <description lang="en_gb">LIVE TV ,The author does not host any content, nor is he affiliated with any of the content providers</description>
    <disclaimer lang="en_gb">The author does not host any content, nor is he affiliated with any of the content providers.</disclaimer>
    <language></language>
    <platform>all</platform>
    <license></license>
    <forum></forum>
    <website></website>
    <email></email>
    <source></source>
  </extension>
</addon>
