<?xml version="1.0" encoding="utf-8"?>
<window type="dialog">
	<allowoverlay>no</allowoverlay>
	<defaultcontrol always="false">4001</defaultcontrol>
	<coordinates>
		<system>1</system>
		<posx>0</posx>
		<posy>0</posy>
	</coordinates>

    <controls>

        <control type="image">
            <posx>150</posx>
            <posy>100</posy>
            <width>1010</width>
            <height>510</height>
            <texture>note background.png</texture>
        </control>


        <control type="image" id="4100">
            <posx>159</posx>
            <posy>116</posy>
            <width>246</width>
            <height>95</height>
            <texture>logo-background2.png</texture>
            <!--<backgroundcolor>ffffffff</backgroundcolor>-->
            <!--<aspectratio>keep</aspectratio>-->
			<visible>true</visible>
        </control>


        <control type="image" id="4100">
            <posx>170</posx>
            <posy>120</posy>
            <width>225</width>
            <height>90</height>
            <texture>kepweng.png</texture>
            <!--<backgroundcolor>0xff000000</backgroundcolor>-->
            <aspectratio>keep</aspectratio>
			<visible>true</visible>
        </control>
		
		<control type="textbox" id="20301">
            <description>note header</description>
            <posx>423</posx>
            <posy>120</posy>
            <width>706</width>Upload.png
            <height>50</height>
            <textcolor>ffffffff</textcolor>
            <font>font13</font>
			<align>center</align>
            <aligny>top</aligny>
			<!--<label>[B][COLOR lime]Unofficial Kodi Addon Community Updates[/COLOR][/B]</label>-->
        </control>
		
		<control type="textbox" id="20302">
            <description>notification</description>
            <posx>423</posx>
            <posy>150</posy>
            <width>706</width>
            <height>400</height>
            <textcolor>ffffffff</textcolor>
            <!--<textcolor>0xFF64d1ff</textcolor>-->
            <font>font13</font>
			<align>justify</align>
            <aligny>top</aligny>
            <wrapmultiline>true</wrapmultiline>
			<autoscroll time="1600" delay="6000" repeat="6000">true</autoscroll>
        </control>

        <control type="button" id="4001">
            <description>button 1</description>
            <posx>160</posx>
            <posy>228</posy>
            <width>240</width>
            <height>50</height>
            <texturefocus>note-button-grey-focus.png</texturefocus>
            <texturenofocus>note-button-grey.png</texturenofocus>
            <onup>4006</onup>
            <ondown>4002</ondown>
            <align>center</align>
            <aligny>center</aligny>
            <font>font13</font>
            <textcolor>ffffffff</textcolor>
            <!--<label>Button 1 $ADDON[80000]</label>-->
            <label>NOT FOR SALE</label>
            <!--<onclick>RunAddon(plugin.git.browser)</onclick>-->
        </control>

        <control type="button" id="4002">
            <description>button 2</description>
            <posx>160</posx>
            <posy>278</posy>
            <width>240</width>
            <height>50</height>
            <texturefocus>note-button-grey-focus.png</texturefocus>
            <texturenofocus>note-button-grey.png</texturenofocus>
            <onup>4001</onup>
            <ondown>4003</ondown>
            <align>center</align>
            <aligny>center</aligny>
            <font>font13</font>
            <textcolor>ffffffff</textcolor>
            <!--<label>$ADDON[script.ustvnow.plus.guide 30307]</label>-->
            <label>LATEST UPDATES</label>
        </control>
		
        <control type="button" id="4003">
            <description>button 3</description>
            <posx>160</posx>
            <posy>328</posy>
            <width>240</width>
            <height>50</height>
            <texturefocus>note-button-grey-focus.png</texturefocus>
            <texturenofocus>note-button-grey.png</texturenofocus>
            <onup>4002</onup>
            <ondown>4004</ondown>
            <align>center</align>
            <aligny>center</aligny>
            <font>font13</font>
            <textcolor>ffffffff</textcolor>
           <!--<label>$ADDON[script.ustvnow.plus.guide 80000]</label>-->
           <label>USER ACCESS</label>
</control>

<control type="button" id="4004">
            <description>button 4</description>
            <posx>160</posx>
            <posy>378</posy>
            <width>240</width>
            <height>50</height>
            <texturefocus>note-button-grey-focus.png</texturefocus>
            <texturenofocus>note-button-grey.png</texturenofocus>
            <onup>4003</onup>
            <ondown>4006</ondown>
            <align>center</align>
            <aligny>center</aligny>
            <font>font13</font>
            <textcolor>ffffffff</textcolor>
           <!--<label>Git Browser$ADDON[script.ustvnow.plus.guide 80001]</label>-->
           <label>BIKTIMA KA BA ?</label>
            <!--<onclick>RunAddon(plugin.git.browser)</onclick>-->
            <visible>true</visible>
</control>
		
<control type="button" id="4005">
            <description>button 5</description>
            <posx>160</posx>
            <posy>428</posy>
            <width>240</width>
            <height>50</height>
            <texturefocus>note-button-grey-focus.png</texturefocus>
            <texturenofocus>note-button-grey.png</texturenofocus>
            <onup>4004</onup>
            <ondown>4006</ondown>
            <align>center</align>
            <aligny>center</aligny>
            <font>font13</font>
            <textcolor>ffffffff</textcolor>
           <label>PAIRING</label>
           <visible>false</visible>
</control>

<control type="button" id="4006">
            <description>button 6</description>
            <posx>160</posx>
            <posy>478</posy>
            <width>240</width>
            <height>50</height>
            <texturefocus>note-button-grey-focus.png</texturefocus>
            <texturenofocus>note-button-grey.png</texturenofocus>
            <onup>4004</onup>
            <ondown>4001</ondown>
            <align>center</align>
            <aligny>center</aligny>
            <font>font13</font>
            <textcolor>ffffffff</textcolor>
            <!--<label>$ADDON[script.ustvnow.plus.guide 30308]</label>-->
            <label>CLOSE</label>
            <visible>true</visible>
</control>

	

		

    </controls>
</window>
