﻿<?xml version="1.0" encoding="UTF-8" standalone="yes"?>
<addon 	id="plugin.video.KNT"
		name="Kapihan ni Tarsilo"
		version="0.0.1"
		provider-name="Team Kepweng">
<requires>
<import addon="xbmc.python" version="2.19.0" />
<import addon="script.module.python.koding.aio" version="0.0.1"/>


<import addon="script.module.resolveurl" version="5.0.15"/>
<import addon="script.module.urlresolver"  version="4.0.16"/>

</requires>
<extension point="xbmc.python.pluginsource"
			library="knt.py">
		<provides>video</provides>
</extension>
<extension point="xbmc.addon.metadata">
<summary lang="en"> </summary>
<description lang="en"></description>
<platform>all</platform>
<language>en</language>
<license>GNU PUBLIC LICENSE. version 2, june 1991</license>
</extension>
</addon>