<?xml version="1.0" encoding="UTF-8" standalone="yes"?>

<addon id="Kepweng-Reborn" name="Kepweng-Reborn" version="0.0.1" provider-name="Mang Kepweng">

	<extension point="xbmc.addon.repository" name="Kepweng-Reborn">

		<dir>

		<info compressed="false">https://raw.githubusercontent.com/totalrevolution/python-koding/master/zips/addons.xml</info>

		<checksum>https://raw.githubusercontent.com/totalrevolution/python-koding/master/zips/addons.xml.md5</checksum>

		<datadir zip="true">https://raw.githubusercontent.com/totalrevolution/python-koding/master/zips/</datadir>

		</dir>

		<info compressed="false">https://raw.githubusercontent.com/AkosiKepweng/Kepweng-Reborn/master/zips/addons.xml</info>

		<checksum>https://raw.githubusercontent.com/AkosiKepweng/Kepweng-Reborn/master/zips/addons.xml.md5</checksum>

		<datadir zip="true">https://raw.githubusercontent.com/AkosiKepweng/Kepweng-Reborn/master/zips/</datadir>

	</extension>

	<extension point="xbmc.addon.metadata">

		<summary lang="en">Tambayan ni Kepweng</summary>

		<description lang="en">Tambayan ni Kepweng</description>

		<genre></genre>

	</extension>
</addon>